神楽七奈Official,21304638,个人势
咩栗,8792912,个人势
HiiroVTuber,21919321,个人势
雫るる_Official,21013446,个人势
星宮汐Official,22047448,个人势
神楽Mea_Official,12235923,个人势
夏诺雅_shanoa,1321846,个人势
呜米,22384516,个人势
美波七海-official,22571958,个人势
泰蕾莎Channel,870004,个人势
凤玲天天Official,22347045,个人势
NoWorld_Official,21448649,个人势
阿梓从小就很可爱,510,个人势
阳向心美Official,566227,个人势
早见咲Saki,22340341,个人势
三日暦Official,22205953,个人势
召唤师yami,7595278,个人势
早濑弥生Official,22159299,个人势
新科娘Official,21602686,个人势
切茜娅CheIsea,1944820,个人势
AIChannel中国绊爱,21712406,个人势
贝伦修坦因_official,22485622,个人势
AIChannel官方,1485080,个人势
铃音_Official,4316215,个人势
琴吹夢_official,21799389,个人势
一包薯条嘻嘻,22603245,个人势
多多poi丶,392523,个人势
本气黑猫,15536,个人势
还有醒着的么,318,个人势
shourei小N,363889,个人势
星野饼美,694,个人势
扶桑大红花丶,947866,个人势
AnKe-Poi,305,个人势
v猫诺v,308543,个人势
小狼XF,846315,个人势
林簌SUSU,227422,个人势
战术级子轩,13355,个人势
琴吹夢_official,21799389,个人势
闪光Pika_Official,22485731,个人势
内德维德,5424,个人势
乌拉の帝国Official,1138,个人势
花花Haya,7688602,个人势
佐仓•M•沙耶加,104,个人势
酥幼妹妹わ,145277,个人势
一块电鹿板,21727410,个人势
妙妙子Official,22495291,个人势
钉宫妮妮Ninico,192,个人势
黑桐亚里亚Official,22074371,个人势
小毛拔了个火罐,1050301,个人势
加加Official,37801,个人势
香取绮罗_kira,22210372,个人势
是幼情呀,2603963,个人势
月隐空夜,21292831,个人势
sunyeojin,6632844,个人势
南宫灯official,664481,个人势
,,
Overidea_China,704808,Overidea
,,
眞白花音_Official ,21402309,Chucolala
绯赤艾莉欧Official,21396545,Chucolala
古守血遊official,8725120,Chucolala
乙女音Official,21320551,Chucolala
暗妃鲁咪蕾Official,22671795,Chucolala
鈴宮鈴,21685677,Chucolala
紫桃爱音Official,21573665,Chucolala
,,
花园Serena,14327465,Paryi Project
夢乃栞Yumeno_Shiori,14052636,Paryi Project
椎名菜羽Official,22347054,Paryi Project
千草はな,12770821,Paryi Project
帕里_Paryi,4895312,Paryi Project
有栖Mana_Official,3822389,Paryi Project
高槻律official,947447,Paryi Project
森永みうofficial,7962050,Paryi Project
,,
物述有栖Official,21449083,彩虹社
修女克蕾雅Official,21656036,彩虹社
家长麦Official,21463227,彩虹社
叶Official,21449068,彩虹社
铃木胜Official,22232169,彩虹社
多拉Official,22376014,彩虹社
葛叶Official,21449065,彩虹社
鹰宫莉音Official,21463247,彩虹社
龙胆尊Official,21450685,彩虹社
雪城真寻Official,22232167,彩虹社
贝尔蒙德Official,21501730,彩虹社
绿仙Official,21302479,彩虹社
森中花咲Official,21463224,彩虹社
笹木咲Official,21463219,彩虹社
椎名唯华Official,21302469,彩虹社
德比鲁Official,21501731,彩虹社
郡道美玲Official,21575212,彩虹社
安洁Official,21575228,彩虹社
戌亥床Official,21575226,彩虹社
莉泽Official,21463249,彩虹社
白雪巴_Official,22470202,彩虹社
健屋花那_Official,22470179,彩虹社
夜见蕾娜Official,22543160,彩虹社
本间向日葵Official,21302477,彩虹社
静凛Official,21302352,彩虹社
艾克斯Official,21656043,彩虹社
利维Official,22376018,彩虹社
樋口枫Official,21449061,彩虹社
梦月萝娅Official,21656050,彩虹社
加贺美隼人Official,22470168,彩虹社
星川莎拉_Official,22470212,彩虹社
童田明治Official,21575216,彩虹社
舞元启介Official,21656037,彩虹社
相羽初叶_Official,22232141,彩虹社
铃原露露_Official,22470215,彩虹社
御伽原江良Official,21463238,彩虹社
纽伊Official,22543132,彩虹社
黛灰Official,22543135,彩虹社
,,
花丸晴琉Official,21547895,花寄女子寮
鹿乃ちゃん,15152878,花寄女子寮
小东人魚Official,21547904,花寄女子寮
,,
兰音Reine,22696653,虚研社
小希小桃Channel,4138602,虚研社
小柔Channel,22696954,虚研社
,,
猫芒ベル_Official,21811136,ViViD
白百合リリィOfficial,21415012,ViViD
泡沫メモリ_Official,21955596,ViViD
,,
田汐汐_Official,21627536,雪风军团
Siva_小虾鱼_,13576775,雪风军团
伊万_iiivan,22333522,雪风军团
,,
白神遥Haruka,21652717,P-SP
红晓音Akane,411318,P-SP
秋凛子Rinco,21677969,P-SP
东爱璃Lovely,21692711,P-SP
步玎Pudding,21413565,P-SP
西魔幽Yuu,21775601,P-SP
北柚香Yuka,22381346,P-SP
南音乃Nonno,22188174,P-SP
这是亦枝YY,10317,P-SP
,,
进击的冰糖,876396,超电VUP
新月冰冰,399,超电VUP
瑠奈luna_Official,22463523,超电VUP
木糖纯Official,8643223,超电VUP
YUKIri,513,超电VUP
蝶太,602283,超电VUP
,,
早稻叽,631,chaoslive
白夜真宵Official,21884471,chaoslive
白夜天存Official,21831694,chaoslive
牛牛子Channel,377214,chaoslive
,,
嘉然今天吃什么,22637261,A-SOUL
贝拉kira,22632424,A-SOUL
乃琳Queen,22625027,A-SOUL
向晚大魔王,22625025,A-SOUL
珈乐Carol,22634198,A-SOUL
A-SOUL_Official,22632157,A-SOUL
,,
千鸟战队_琳,22622469,千鸟战队
千鸟战队_艾瑞思,22622290,千鸟战队
千鸟战队_文静,22622535,千鸟战队
千鸟战队_Coco,22623163,千鸟战队
千鸟战队_艾白,13747625,千鸟战队
千鸟战队,22622904,千鸟战队
,,
满月Channel,21570295,Providence 企划
花花Haya,7688602,Providence 企划
胡桃Usa,4788550,Providence 企划
柊真华Official,22251977,Providence 企划
咲间妮娜Official,22566228,Providence 企划
七濑Unia,21514463,Providence 企划
玛安娜Myanna,22321043,Providence 企划
毬亚Maria,22323445,Providence 企划
阿伊蕾特Ayelet,11306,Providence 企划
,,
电脑少女siro_小白,21307497,.live
,,
天川花乃official,21693692,Re:AcT
白音雪-official,22319849,Re:AcT
姬熊结璃Official,21693691,Re:AcT
狮子神蕾欧娜_official,21622698,Re:AcT
黑音夜见Official,22310216,Re:AcT
,,
御剣莉亚-官方,22055164,WACTOR
日月咪玉-官方,21300316,WACTOR
月兔华-WACTOR官方,21720301,WACTOR
木暮Piyoko-官方,21720308,WACTOR
七葉琉伊,21779064,WACTOR
,,
雨街F,4611671,RedCircle
亚哈Ahab_Channel,21398753,RedCircle
凛星RinStar,14507014,RedCircle
,,
犬山玉姬Official,4634167,Noripro
白雪深白Official,21708004,Noripro
爱宫Milk_Official,22111399,Noripro
姬咲柚流Official,22534525,Noripro
,,
战斗吧歌姬官方账号,14578426,战斗吧歌姬
,,
泠鸢yousa,593,VirtuaReal
七海Nana7mi,21452505,VirtuaReal
阿萨Aza,21696950,VirtuaReal
琉绮Ruki,21403609,VirtuaReal
中单光一,21457197,VirtuaReal
艾因Eine,21403601,VirtuaReal
千春_Chiharu,22389319,VirtuaReal
安堂いなり_official,21224291,VirtuaReal
菜菜子Nanako,22359795,VirtuaReal
hanser,48743,VirtuaReal
菫妃奈Official,4418655,VirtuaReal
罗伊_Roi,21696953,VirtuaReal
花留Karu,22111428,VirtuaReal
祖娅纳惜,938957,VirtuaReal
清良Kiyora,22389323,VirtuaReal
千幽Chiyuu,22605464,VirtuaReal
,,
熊野ぽえみOfficial,22538603,zeroproject
紡音零official,22552250,zeroproject
